observation_date,PNGASJPUSDM
1992-01-01,3.80000000000000
1992-02-01,3.55000000000000
1992-03-01,3.45000000000000
1992-04-01,3.45000000000000
1992-05-01,3.58500000000000
1992-06-01,3.72000000000000
1992-07-01,3.94000000000000
1992-08-01,3.96000000000000
1992-09-01,3.98000000000000
1992-10-01,3.87000000000000
1992-11-01,3.84000000000000
1992-12-01,3.78000000000000
1993-01-01,3.61000000000000
1993-02-01,3.68000000000000
1993-03-01,3.60000000000000
1993-04-01,3.82000000000000
1993-05-01,3.80000000000000
1993-06-01,3.79000000000000
1993-07-01,3.76000000000000
1993-08-01,3.63000000000000
1993-09-01,3.50000000000000
1993-10-01,3.36000000000000
1993-11-01,3.41000000000000
1993-12-01,3.21000000000000
1994-01-01,3.07000000000000
1994-02-01,3.17000000000000
1994-03-01,3.16000000000000
1994-04-01,3.11000000000000
1994-05-01,3.11000000000000
1994-06-01,3.32000000000000
1994-07-01,3.43000000000000
1994-08-01,3.55000000000000
1994-09-01,3.60000000000000
1994-10-01,3.42000000000000
1994-11-01,3.25000000000000
1994-12-01,3.23000000000000
1995-01-01,3.38000000000000
1995-02-01,3.54000000000000
1995-03-01,3.80000000000000
1995-04-01,3.82000000000000
1995-05-01,3.71000000000000
1995-06-01,3.85000000000000
1995-07-01,3.62000000000000
1995-08-01,3.32000000000000
1995-09-01,3.35000000000000
1995-10-01,3.43000000000000
1995-11-01,3.41000000000000
1995-12-01,3.45000000000000
1996-01-01,3.59000000000000
1996-02-01,3.81000000000000
1996-03-01,3.76000000000000
1996-04-01,3.82000000000000
1996-05-01,3.82000000000000
1996-06-01,3.79000000000000
1996-07-01,3.79000000000000
1996-08-01,3.87000000000000
1996-09-01,3.81000000000000
1996-10-01,4.04000000000000
1996-11-01,4.41000000000000
1996-12-01,4.32000000000000
1997-01-01,4.29000000000000
1997-02-01,4.40000000000000
1997-03-01,4.11000000000000
1997-04-01,3.72000000000000
1997-05-01,3.73000000000000
1997-06-01,3.66000000000000
1997-07-01,3.50000000000000
1997-08-01,3.43000000000000
1997-09-01,3.50000000000000
1997-10-01,3.50000000000000
1997-11-01,3.63000000000000
1997-12-01,3.66000000000000
1998-01-01,3.46000000000000
1998-02-01,2.98000000000000
1998-03-01,2.81000000000000
1998-04-01,2.61000000000000
1998-05-01,2.67000000000000
1998-06-01,2.66000000000000
1998-07-01,2.57000000000000
1998-08-01,2.57000000000000
1998-09-01,2.65000000000000
1998-10-01,2.76000000000000
1998-11-01,2.67000000000000
1998-12-01,2.64000000000000
1999-01-01,2.64000000000000
1999-02-01,2.57000000000000
1999-03-01,2.61000000000000
1999-04-01,2.68000000000000
1999-05-01,3.02000000000000
1999-06-01,3.19000000000000
1999-07-01,3.23000000000000
1999-08-01,3.52000000000000
1999-09-01,3.83000000000000
1999-10-01,4.14000000000000
1999-11-01,4.25000000000000
1999-12-01,4.43000000000000
2000-01-01,4.54000000000000
2000-02-01,4.58000000000000
2000-03-01,4.95000000000000
2000-04-01,5.08000000000000
2000-05-01,4.58000000000000
2000-06-01,5.14000000000000
2000-07-01,5.38000000000000
2000-08-01,5.51000000000000
2000-09-01,5.56000000000000
2000-10-01,5.92000000000000
2000-11-01,5.86000000000000
2000-12-01,5.72000000000000
2001-01-01,4.98000000000000
2001-02-01,4.66000000000000
2001-03-01,4.85000000000000
2001-04-01,4.79000000000000
2001-05-01,4.95000000000000
2001-06-01,5.11000000000000
2001-07-01,5.05000000000000
2001-08-01,4.73000000000000
2001-09-01,4.63000000000000
2001-10-01,4.65000000000000
2001-11-01,3.95000000000000
2001-12-01,3.68000000000000
2002-01-01,3.57000000000000
2002-02-01,3.64000000000000
2002-03-01,3.69000000000000
2002-04-01,4.07000000000000
2002-05-01,4.44000000000000
2002-06-01,4.53000000000000
2002-07-01,5.76000000000000
2002-08-01,4.52000000000000
2002-09-01,4.63000000000000
2002-10-01,4.76000000000000
2002-11-01,4.80000000000000
2002-12-01,4.71000000000000
2003-01-01,5.01000000000000
2003-02-01,5.31000000000000
2003-03-01,5.44000000000000
2003-04-01,5.18000000000000
2003-05-01,4.87000000000000
2003-06-01,4.70000000000000
2003-07-01,4.67000000000000
2003-08-01,4.75000000000000
2003-09-01,4.93000000000000
2003-10-01,4.82000000000000
2003-11-01,5.05000000000000
2003-12-01,5.04000000000000
2004-01-01,5.14000000000000
2004-02-01,5.20000000000000
2004-03-01,5.29000000000000
2004-04-01,5.50000000000000
2004-05-01,5.47000000000000
2004-06-01,5.88000000000000
2004-07-01,5.73000000000000
2004-08-01,5.90000000000000
2004-09-01,6.44000000000000
2004-10-01,6.66000000000000
2004-11-01,6.94000000000000
2004-12-01,6.54000000000000
2005-01-01,5.82000000000000
2005-02-01,6.10000000000000
2005-03-01,6.46000000000000
2005-04-01,7.04000000000000
2005-05-01,7.22000000000000
2005-06-01,6.55000000000000
2005-07-01,7.06000000000000
2005-08-01,7.22000000000000
2005-09-01,7.71000000000000
2005-10-01,8.01000000000000
2005-11-01,8.11000000000000
2005-12-01,7.09000000000000
2006-01-01,7.34000000000000
2006-02-01,7.89000000000000
2006-03-01,7.91000000000000
2006-04-01,7.81000000000000
2006-05-01,8.56000000000000
2006-06-01,8.64000000000000
2006-07-01,8.51000000000000
2006-08-01,8.37000000000000
2006-09-01,8.83000000000000
2006-10-01,7.94000000000000
2006-11-01,7.50000000000000
2006-12-01,7.29000000000000
2007-01-01,7.66000000000000
2007-02-01,7.17000000000000
2007-03-01,7.36000000000000
2007-04-01,7.72000000000000
2007-05-01,8.21000000000000
2007-06-01,8.48000000000000
2007-07-01,8.22000000000000
2007-08-01,8.61000000000000
2007-09-01,8.55000000000000
2007-10-01,9.16000000000000
2007-11-01,9.52000000000000
2007-12-01,10.27000000000000
2008-01-01,10.50000000000000
2008-02-01,10.75000000000000
2008-03-01,10.63000000000000
2008-04-01,11.48000000000000
2008-05-01,12.30000000000000
2008-06-01,13.31000000000000
2008-07-01,14.08000000000000
2008-08-01,13.81000000000000
2008-09-01,12.60000000000000
2008-10-01,13.15000000000000
2008-11-01,9.10000000000000
2008-12-01,7.38000000000000
2009-01-01,6.03000000000000
2009-02-01,5.83000000000000
2009-03-01,6.25000000000000
2009-04-01,6.47000000000000
2009-05-01,6.79000000000000
2009-06-01,6.97000000000000
2009-07-01,8.05000000000000
2009-08-01,8.48000000000000
2009-09-01,8.55000000000000
2009-10-01,8.75000000000000
2009-11-01,8.56000000000000
2009-12-01,9.16000000000000
2010-01-01,9.34000000000000
2010-02-01,9.01000000000000
2010-03-01,9.17000000000000
2010-04-01,9.34000000000000
2010-05-01,10.04000000000000
2010-06-01,9.28000000000000
2010-07-01,9.09000000000000
2010-08-01,8.85000000000000
2010-09-01,8.98000000000000
2010-10-01,9.52000000000000
2010-11-01,10.00000000000000
2010-12-01,9.95000000000000
2011-01-01,10.81000000000000
2011-02-01,11.89000000000000
2011-03-01,12.18000000000000
2011-04-01,14.41000000000000
2011-05-01,15.75000000000000
2011-06-01,16.29000000000000
2011-07-01,16.29000000000000
2011-08-01,17.70000000000000
2011-09-01,17.78000000000000
2011-10-01,17.60000000000000
2011-11-01,17.89000000000000
2011-12-01,18.05000000000000
2012-01-01,17.46000000000000
2012-02-01,16.71000000000000
2012-03-01,18.42000000000000
2012-04-01,19.57000000000000
2012-05-01,18.33000000000000
2012-06-01,19.38000000000000
2012-07-01,19.10000000000000
2012-08-01,18.39000000000000
2012-09-01,18.76000000000000
2012-10-01,17.27000000000000
2012-11-01,16.83000000000000
2012-12-01,17.52000000000000
2013-01-01,17.79000000000000
2013-02-01,17.72000000000000
2013-03-01,18.31000000000000
2013-04-01,17.71000000000000
2013-05-01,16.94000000000000
2013-06-01,17.69000000000000
2013-07-01,16.98000000000000
2013-08-01,17.00000000000000
2013-09-01,17.01000000000000
2013-10-01,16.49000000000000
2013-11-01,16.71000000000000
2013-12-01,17.72000000000000
2014-01-01,17.76000000000000
2014-02-01,17.96000000000000
2014-03-01,17.81000000000000
2014-04-01,17.67000000000000
2014-05-01,17.68000000000000
2014-06-01,17.51000000000000
2014-07-01,17.43000000000000
2014-08-01,16.23000000000000
2014-09-01,15.70000000000000
2014-10-01,15.23000000000000
2014-11-01,16.41000000000000
2014-12-01,16.58000000000000
2015-01-01,15.50000000000000
2015-02-01,14.69000000000000
2015-03-01,13.05000000000000
2015-04-01,11.02000000000000
2015-05-01,9.04000000000000
2015-06-01,8.79000000000000
2015-07-01,9.32000000000000
2015-08-01,10.16000000000000
2015-09-01,10.01000000000000
2015-10-01,10.37000000000000
2015-11-01,9.40000000000000
2015-12-01,10.15000000000000
2016-01-01,8.46000000000000
2016-02-01,7.99000000000000
2016-03-01,8.01000000000000
2016-04-01,6.68000000000000
2016-05-01,6.81000000000000
2016-06-01,7.08000000000000
2016-07-01,6.85000000000000
2016-08-01,7.42000000000000
2016-09-01,7.79000000000000
2016-10-01,7.93000000000000
2016-11-01,7.16000000000000
2016-12-01,7.09000000000000
2017-01-01,9.17409090909091
2017-02-01,7.12800000000000
2017-03-01,5.79478260869565
2017-04-01,5.70950000000000
2017-05-01,5.71906250000000
2017-06-01,5.52363636363636
2017-07-01,5.63190476190476
2017-08-01,6.13086956521739
2017-09-01,7.08428571428571
2017-10-01,8.79272727272727
2017-11-01,9.57142857142857
2017-12-01,10.70904761904760
2018-01-01,11.66956521739130
2018-02-01,10.47100000000000
2018-03-01,8.46090909090909
2018-04-01,7.47523809523809
2018-05-01,8.61260869565217
2018-06-01,10.43761904761900
2018-07-01,9.97227272727273
2018-08-01,10.59043478260870
2018-09-01,11.09050000000000
2018-10-01,10.03565217391300
2018-11-01,9.77727272727273
2018-12-01,8.95190476190476
2019-01-01,8.28565217391304
2019-02-01,6.50100000000000
2019-03-01,5.24523809523810
2019-04-01,5.07976190476190
2019-05-01,5.03326086956522
2019-06-01,4.38925000000000
2019-07-01,4.41934782608696
2019-08-01,4.28022727272727
2019-09-01,5.05452380952381
2019-10-01,6.01739130434783
2019-11-01,5.45642857142857
2019-12-01,5.57340909090909
2020-01-01,4.91369565200000
2020-02-01,2.92025000000000
2020-03-01,3.27886363600000
2020-04-01,2.12636363600000
2020-05-01,2.03214285700000
2020-06-01,2.05045454500000
2020-07-01,2.28695652200000
2020-08-01,3.62571428600000
2020-09-01,4.60977272700000
2020-10-01,6.12181818200000
2020-11-01,6.82214285700000
2020-12-01,11.60891304000000
2021-01-01,20.41523810000000
2021-02-01,7.16875000000000
2021-03-01,6.44347826100000
2021-04-01,7.89413043500000
2021-05-01,10.01450000000000
2021-06-01,12.01727273000000
2021-07-01,14.09681818000000
2021-08-01,16.64386364000000
2021-09-01,24.06295455000000
2021-10-01,35.06523810000000
2021-11-01,31.96357143000000
2021-12-01,37.41978261000000
2022-01-01,26.82833333000000
2022-02-01,27.82325000000000
2022-03-01,38.73586957000000
2022-04-01,29.01476190000000
2022-05-01,21.93772727000000
2022-06-01,29.53818182000000
2022-07-01,41.16950000000000
2022-08-01,54.15750000000000
2022-09-01,44.68227273000000
2022-10-01,29.74200000000000
2022-11-01,25.21772727000000
2022-12-01,30.71714286000000
2023-01-01,20.68552632000000
2023-02-01,15.96250000000000
2023-03-01,13.35043478000000
2023-04-01,12.01105263000000
2023-05-01,9.90068181800000
2023-06-01,10.10725000000000
2023-07-01,10.88119048000000
2023-08-01,11.75295455000000
2023-09-01,13.15150000000000
2023-10-01,15.29340909000000
2023-11-01,15.41380952000000
2023-12-01,13.05175000000000
2024-01-01,10.01681818000000
2024-02-01,8.82225000000000
2024-03-01,8.99325000000000
2024-04-01,9.79400000000000
2024-05-01,10.84700000000000
2024-06-01,12.36800000000000
2024-07-01,11.99500000000000
2024-08-01,13.21300000000000
2024-09-01,13.09000000000000
2024-10-01,13.11300000000000
2024-11-01,14.02500000000000
2024-12-01,14.22500000000000
2025-01-01,14.12600000000000
2025-02-01,14.72100000000000
2025-03-01,13.11800000000000
2025-04-01,11.56900000000000
2025-05-01,11.67800000000000
2025-06-01,12.96300000000000
2025-07-01,12.26100000000000
2025-08-01,11.52100000000000
2025-09-01,11.27700000000000
2025-10-01,10.84200000000000
2025-11-01,11.06700000000000
2025-12-01,9.91000000000000
2026-01-01,10.43500000000000
2026-02-01,10.75200000000000
2026-03-01,20.81200000000000
2026-04-01,16.56900000000000
2026-05-01,18.10100000000000
2026-06-01,17.18900000000000
2026-07-01,19.56200000000000
