month,NW Europe (Rotterdam),Iberia (Huelva),Japan via Panama,Japan via Cape,variable_cost,full_cost,decision,margin
2016-03-01,2.983,2.987,6.398,5.677,2.085,4.585,Japan via Panama,4.314
2016-04-01,2.914,2.918,5.097,4.397,2.316,4.816,Japan via Panama,2.781
2016-05-01,2.884,2.888,5.224,4.523,2.400,4.900,Japan via Panama,2.824
2016-06-01,2.933,2.938,5.489,4.782,3.017,5.517,Japan via Panama,2.471
2016-07-01,3.190,3.195,5.264,4.561,3.189,5.689,Japan via Panama,2.075
2016-08-01,3.141,3.145,5.821,5.110,3.130,5.630,Japan via Panama,2.691
2016-09-01,2.854,2.858,6.183,5.466,3.333,5.833,Japan via Panama,2.849
2016-10-01,2.904,2.908,6.320,5.600,3.533,6.033,Japan via Panama,2.787
2016-11-01,3.428,3.432,5.567,4.859,3.311,5.811,Japan via Panama,2.256
2016-12-01,4.040,4.046,5.498,4.792,4.123,6.623,Japan via Panama,1.375
2017-01-01,5.145,5.152,7.536,6.798,3.813,6.313,Japan via Panama,3.723
2017-02-01,4.970,4.976,5.535,4.829,3.337,5.837,Japan via Panama,2.199
2017-03-01,3.828,3.833,4.232,3.545,3.441,5.941,Japan via Panama,0.791
2017-04-01,3.917,3.922,4.148,3.463,3.670,6.170,Japan via Panama,0.478
2017-05-01,3.958,3.964,4.158,3.473,3.721,6.221,Japan via Panama,0.437
2017-06-01,3.866,3.871,3.966,3.285,3.443,5.943,Japan via Panama,0.524
2017-07-01,3.977,3.982,4.072,3.389,3.397,5.897,Japan via Panama,0.675
2017-08-01,4.412,4.418,4.560,3.869,3.340,5.840,Japan via Panama,1.221
2017-09-01,4.911,4.917,5.493,4.786,3.460,5.960,Japan via Panama,2.032
2017-10-01,4.764,4.770,7.164,6.431,3.349,5.849,Japan via Panama,3.815
2017-11-01,5.596,5.603,7.925,7.180,3.512,6.012,Japan via Panama,4.413
2017-12-01,6.066,6.073,9.038,8.275,3.185,5.685,Japan via Panama,5.853
2018-01-01,5.511,5.518,9.977,9.199,3.625,6.125,Japan via Panama,6.353
2018-02-01,6.690,6.698,8.805,8.046,3.057,5.557,Japan via Panama,5.748
2018-03-01,7.377,7.386,6.839,6.111,3.106,5.606,Iberia (Huelva),4.280
2018-04-01,5.923,5.930,5.875,5.163,3.132,5.632,Iberia (Huelva),2.797
2018-05-01,6.314,6.322,6.987,6.257,3.259,5.759,Japan via Panama,3.728
2018-06-01,6.357,6.365,8.772,8.014,3.383,5.883,Japan via Panama,5.390
2018-07-01,6.473,6.480,8.317,7.566,3.212,5.712,Japan via Panama,5.105
2018-08-01,6.950,6.958,8.922,8.161,3.344,5.844,Japan via Panama,5.577
2018-09-01,8.348,8.358,9.411,8.642,3.332,5.832,Japan via Panama,6.079
2018-10-01,7.436,7.445,8.379,7.627,3.688,6.188,Japan via Panama,4.691
2018-11-01,7.049,7.057,8.126,7.378,4.724,7.224,Japan via Panama,3.402
2018-12-01,6.741,6.749,7.319,6.584,4.490,6.990,Japan via Panama,2.829
2019-01-01,6.018,6.025,6.668,5.943,3.575,6.075,Japan via Panama,3.093
2019-02-01,4.857,4.863,4.922,4.225,3.081,5.581,Japan via Panama,1.841
2019-03-01,4.077,4.082,3.694,3.017,3.224,5.724,Iberia (Huelva),0.858
2019-04-01,3.836,3.841,3.532,2.857,2.987,5.487,Iberia (Huelva),0.854
2019-05-01,3.250,3.254,3.487,2.813,2.981,5.481,Japan via Panama,0.506
2019-06-01,2.383,2.387,2.857,2.193,2.679,5.179,Japan via Panama,0.178
2019-07-01,2.494,2.498,2.886,2.222,2.647,5.147,Japan via Panama,0.239
2019-08-01,2.173,2.176,2.750,2.088,2.500,5.000,Japan via Panama,0.251
2019-09-01,1.991,1.995,3.508,2.833,2.883,5.383,Japan via Panama,0.624
2019-10-01,2.241,2.245,4.449,3.760,2.692,5.192,Japan via Panama,1.757
2019-11-01,3.666,3.671,3.901,3.220,3.019,5.519,Japan via Panama,0.882
2019-12-01,3.135,3.139,4.015,3.332,2.625,5.125,Japan via Panama,1.390
2020-01-01,2.524,2.528,3.370,2.698,2.339,4.839,Japan via Panama,1.031
2020-02-01,1.901,1.904,1.420,0.779,2.122,4.622,Cancel cargo,0.000
2020-03-01,1.698,1.701,1.771,1.124,1.993,4.493,Cancel cargo,0.000
2020-04-01,1.000,1.002,0.644,0.015,2.028,4.528,Cancel cargo,0.000
2020-05-01,0.386,0.388,0.552,-0.076,2.080,4.580,Cancel cargo,0.000
2020-06-01,0.569,0.570,0.570,-0.058,1.954,4.454,Cancel cargo,0.000
2020-07-01,0.562,0.564,0.801,0.170,2.029,4.529,Cancel cargo,0.000
2020-08-01,1.522,1.524,2.110,1.458,2.692,5.192,Cancel cargo,0.000
2020-09-01,2.750,2.755,3.073,2.405,2.628,5.128,Japan via Panama,0.445
2020-10-01,3.698,3.703,4.551,3.860,3.253,5.753,Japan via Panama,1.298
2020-11-01,3.668,3.673,5.236,4.534,3.301,5.801,Japan via Panama,1.935
2020-12-01,4.701,4.707,9.918,9.141,2.972,5.472,Japan via Panama,6.945
2021-01-01,6.158,6.165,18.530,17.616,3.046,5.546,Japan via Panama,15.484
2021-02-01,5.040,5.046,5.575,4.868,3.355,5.855,Japan via Panama,2.221
2021-03-01,5.073,5.080,4.866,4.170,3.015,5.515,Iberia (Huelva),2.064
2021-04-01,6.138,6.146,6.285,5.566,3.086,5.586,Japan via Panama,3.199
2021-05-01,7.840,7.849,8.358,7.606,3.406,5.906,Japan via Panama,4.953
2021-06-01,9.144,9.154,10.317,9.534,3.764,6.264,Japan via Panama,6.553
2021-07-01,11.319,11.331,12.351,11.535,4.381,6.881,Japan via Panama,7.970
2021-08-01,14.041,14.056,14.842,13.986,4.637,7.137,Japan via Panama,10.205
2021-09-01,20.914,20.935,22.097,21.126,5.861,8.361,Japan via Panama,16.236
2021-10-01,28.407,28.436,32.857,31.715,6.407,8.907,Japan via Panama,26.450
2021-11-01,26.005,26.031,29.824,28.730,5.887,8.387,Japan via Panama,23.937
2021-12-01,35.868,35.904,35.160,33.981,4.437,6.937,Iberia (Huelva),31.467
2022-01-01,26.506,26.533,24.802,23.788,4.868,7.368,Iberia (Huelva),21.665
2022-02-01,25.610,25.636,25.775,24.745,5.146,7.646,Japan via Panama,20.629
2022-03-01,40.181,40.221,36.447,35.247,5.717,8.217,Iberia (Huelva),34.504
2022-04-01,30.557,30.588,26.940,25.892,7.756,10.256,Iberia (Huelva),22.831
2022-05-01,26.084,26.111,20.019,19.081,9.384,11.884,Iberia (Huelva),16.727
2022-06-01,31.469,31.501,27.452,26.396,8.707,11.207,Iberia (Huelva),22.794
2022-07-01,49.490,49.539,38.827,37.589,8.175,10.675,Iberia (Huelva),41.363
2022-08-01,68.101,68.168,51.529,50.089,10.094,12.594,Iberia (Huelva),58.074
2022-09-01,53.476,53.529,42.263,40.970,9.010,11.510,Iberia (Huelva),44.518
2022-10-01,19.504,19.525,27.651,26.592,7.008,9.508,Japan via Panama,20.644
2022-11-01,27.395,27.423,23.227,22.238,7.450,9.950,Iberia (Huelva),19.973
2022-12-01,33.897,33.931,28.605,27.530,6.609,9.109,Iberia (Huelva),27.322
2023-01-01,18.595,18.614,18.794,17.876,3.992,6.492,Japan via Panama,14.802
2023-02-01,15.482,15.499,14.175,13.331,2.804,5.304,Iberia (Huelva),12.695
2023-03-01,12.649,12.663,11.621,10.817,2.770,5.271,Iberia (Huelva),9.892
2023-04-01,12.465,12.478,10.311,9.528,2.525,5.025,Iberia (Huelva),9.953
2023-05-01,8.794,8.804,8.247,7.497,2.663,5.162,Iberia (Huelva),6.142
2023-06-01,9.114,9.124,8.449,7.696,2.851,5.351,Iberia (Huelva),6.273
2023-07-01,8.440,8.450,9.206,8.441,3.040,5.540,Japan via Panama,6.166
2023-08-01,9.533,9.543,10.059,9.280,3.045,5.545,Japan via Panama,7.013
2023-09-01,10.235,10.246,11.426,10.625,3.106,5.606,Japan via Panama,8.321
2023-10-01,12.173,12.186,13.521,12.687,3.641,6.141,Japan via Panama,9.880
2023-11-01,12.495,12.508,13.639,12.803,3.514,6.014,Japan via Panama,10.125
2023-12-01,10.105,10.116,11.329,10.529,2.915,5.415,Japan via Panama,8.414
2024-01-01,8.360,8.370,8.361,7.609,3.129,5.629,Iberia (Huelva),5.241
2024-02-01,6.944,6.952,7.192,6.459,2.062,4.562,Japan via Panama,5.130
2024-03-01,7.352,7.361,7.360,6.624,2.009,4.509,Iberia (Huelva),5.351
2024-04-01,7.964,7.973,8.143,7.394,2.055,4.555,Japan via Panama,6.088
2024-05-01,8.932,8.942,9.173,8.408,2.782,5.282,Japan via Panama,6.391
2024-06-01,9.621,9.632,10.660,9.871,3.242,5.742,Japan via Panama,7.418
2024-07-01,9.061,9.071,10.295,9.512,2.547,5.047,Japan via Panama,7.748
2024-08-01,10.992,11.004,11.486,10.685,2.409,4.909,Japan via Panama,9.077
2024-09-01,10.554,10.566,11.366,10.566,2.761,5.261,Japan via Panama,8.605
2024-10-01,11.547,11.559,11.389,10.588,2.961,5.461,Iberia (Huelva),8.598
2024-11-01,12.590,12.604,12.281,11.466,3.441,5.941,Iberia (Huelva),9.163
2024-12-01,12.537,12.550,12.476,11.659,3.969,6.469,Iberia (Huelva),8.582
2025-01-01,13.527,13.542,12.379,11.563,4.290,6.790,Iberia (Huelva),9.252
2025-02-01,14.137,14.152,12.961,12.136,4.308,6.808,Iberia (Huelva),9.845
2025-03-01,11.943,11.956,11.394,10.593,4.756,7.256,Iberia (Huelva),7.200
2025-04-01,10.377,10.389,9.879,9.102,3.914,6.414,Iberia (Huelva),6.475
2025-05-01,10.429,10.440,9.985,9.207,3.976,6.476,Iberia (Huelva),6.464
2025-06-01,11.098,11.110,11.242,10.444,4.229,6.729,Japan via Panama,7.013
2025-07-01,10.277,10.289,10.555,9.768,3.806,6.306,Japan via Panama,6.749
2025-08-01,9.788,9.798,9.832,9.056,3.328,5.828,Japan via Panama,6.504
2025-09-01,9.815,9.826,9.593,8.821,3.467,5.967,Iberia (Huelva),6.359
2025-10-01,9.710,9.721,9.168,8.403,3.856,6.356,Iberia (Huelva),5.865
2025-11-01,9.175,9.185,9.388,8.619,5.133,7.633,Japan via Panama,4.255
2025-12-01,8.290,8.299,8.256,7.506,5.096,7.596,Iberia (Huelva),3.203
2026-01-01,10.788,10.799,8.770,8.011,4.766,7.266,Iberia (Huelva),6.033
2026-02-01,10.000,10.011,9.080,8.316,3.620,6.120,Iberia (Huelva),6.391
2026-03-01,16.404,16.421,18.918,17.998,3.491,5.991,Japan via Panama,15.427
2026-04-01,14.154,14.169,14.769,13.914,3.085,5.585,Japan via Panama,11.683
2026-05-01,14.905,14.921,16.267,15.389,3.379,5.879,Japan via Panama,12.888
2026-06-01,13.856,13.871,15.375,14.511,3.687,6.187,Japan via Panama,11.688
2026-07-01,16.661,16.679,17.696,16.795,3.408,5.908,Japan via Panama,14.288
