month,NW Europe (Rotterdam),Iberia (Huelva),Japan via Panama,Japan via Cape,cancelled,cancel_economic,unlifted_no_ship_or_slot,margin_usd_m,greedy_usd_m,europe_only_usd_m,fleet_days_used,ship_day_value_usd
2023-08-01,4,3,1,1,1,0,1,205.416,205.416,159.051,294.905,282491.363
2023-09-01,3,3,1,2,1,0,1,231.600,134.401,174.791,346.810,340760.544
2023-10-01,3,3,1,2,1,0,1,277.203,161.216,209.167,346.810,409890.509
2023-11-01,3,3,1,2,1,0,1,289.202,165.482,220.176,346.810,420920.790
2023-12-01,3,3,1,2,1,0,1,233.856,136.051,176.272,346.810,345046.107
2024-01-01,4,3,1,1,1,0,1,162.275,162.275,128.282,294.905,203017.808
2024-02-01,4,3,1,1,1,0,1,153.034,153.034,119.690,294.905,199235.730
2024-03-01,4,3,1,1,1,0,1,165.869,165.869,130.992,294.905,209100.055
2024-04-01,4,3,1,1,1,0,1,184.854,184.854,144.858,294.905,241953.011
2024-05-01,4,3,1,1,1,0,1,192.840,192.840,150.783,294.905,254923.271
2024-06-01,3,3,1,2,1,0,1,206.427,118.768,156.387,346.810,300389.792
2024-07-01,3,3,3,1,0,0,0,242.614,198.602,159.682,361.667,30456.151
2024-08-01,4,3,3,0,0,0,0,305.715,305.715,210.404,309.762,0.000
2024-09-01,3,3,3,1,0,0,0,281.448,226.938,191.052,361.667,814.486
2024-10-01,4,3,3,0,0,0,0,298.970,298.970,210.480,309.762,0.000
2024-11-01,4,3,3,0,0,0,0,317.108,317.108,224.295,309.762,0.000
2024-12-01,4,3,3,0,0,0,0,299.398,299.398,210.068,309.762,0.000
2025-01-01,4,3,3,0,0,0,0,311.405,311.405,226.467,309.762,0.000
2025-02-01,4,3,3,0,0,0,0,331.842,331.842,240.982,309.762,0.000
2025-03-01,4,3,3,0,0,0,0,245.928,245.928,176.228,309.762,0.000
2025-04-01,4,3,3,0,0,0,0,221.096,221.096,158.469,309.762,0.000
2025-05-01,4,3,3,0,0,0,0,221.312,221.312,158.213,309.762,0.000
2025-06-01,4,3,3,0,0,0,0,242.052,242.052,168.413,309.762,0.000
2025-07-01,4,3,3,0,0,0,0,229.517,229.517,158.653,309.762,0.000
2025-08-01,4,3,3,0,0,0,0,226.668,226.668,158.378,309.762,0.000
2025-09-01,4,3,3,0,0,0,0,219.957,219.957,155.636,309.762,0.000
2025-10-01,4,3,3,0,0,0,0,199.299,199.299,143.532,309.762,0.000
2025-11-01,4,3,3,0,0,0,0,143.802,143.802,99.127,309.762,0.000
2025-12-01,4,3,3,0,0,0,0,111.534,111.534,78.352,309.762,0.000
2026-01-01,4,3,3,0,0,0,0,189.684,189.684,147.648,309.762,0.000
2026-02-01,4,3,3,0,0,0,0,213.763,213.763,156.433,309.762,0.000
2026-03-01,3,3,3,1,0,0,0,484.108,399.294,316.550,361.667,107448.482
2026-04-01,4,3,3,0,0,0,0,394.018,394.018,271.342,309.762,0.000
2026-05-01,3,3,3,1,0,0,0,419.574,340.584,282.557,361.667,32619.204
2026-06-01,3,3,3,1,0,0,0,374.326,305.430,249.310,361.667,44145.234
2026-07-01,3,3,3,1,0,0,0,475.388,383.080,324.897,361.667,9002.794
